<?xml version="1.0" encoding="utf-8"?>
<modification>
	<name>[underr] Category Specials+ &lt; Enhanced Options+</name>
	<code>category-specials--enhanced-options</code>
	<version>1.1.0</version>
	<author>Andrii Burkatskyi aka underr</author>
	<link>https://git.io/JUVfk</link>
	<description>Add compatibility with the "Enhanced Options+" module</description>
	<file path="system/library/cart/cart.php" error="log">
		<operation error="log">
			<search>
				<![CDATA[$price = $new_special;]]>
			</search>
			<add position="after">
				<![CDATA[								// Add compatibility with the "Enhanced Options" module
								if (NULL !== $co) {
									$co = (!empty($this->enhanced_options_status) && $product_query->row['price'] > 0) ? $new_special / $product_query->row['price'] : 1;
								}
							} else {
								unset($new_special);]]>
			</add>
		</operation>
	</file>
	<file path="admin/controller/extension/module/category_specials.php" error="log">
		<operation error="log">
			<search>
				<![CDATA[addEvent('category_specials_subst', 'catalog/model/catalog/product/getProductRelated/after', 'extension/module/category_specials/substProductSpecials');]]>
			</search>
			<add position="after">
				<![CDATA[		$this->{$model}->addEvent('category_specials_subst', 'catalog/model/extension/module/enhanced_options/getProduct/after', 'extension/module/category_specials/substProductSpecials');]]>
			</add>
		</operation>
	</file>
	<file path="catalog/controller/extension/module/category_specials.php" error="log">
		<operation error="log">
			<search>
				<![CDATA['catalog/product/getProducts' === $route]]>
			</search>
			<add position="replace">
				<![CDATA[('catalog/product/getProducts' === $route || 'extension/module/enhanced_options/getProduct' === $route)]]>
			</add>
		</operation>
	</file>
</modification>
