<?xml version="1.0" encoding="utf-8"?>
<modification>
	<name>[underr] Category Specials+ > Round Prices</name>
	<code>category-specials--round-prices</code>
	<version>1.0.0</version>
	<author>Andrii Burkatskyi aka underr</author>
	<link>https://git.io/JUVfk</link>
	<description>Round prices to integer values</description>
	<file path="system/library/cart/cart.php" error="log">
		<operation error="log">
			<search>
				<![CDATA[$price = $new_special;]]>
			</search>
			<add position="replace">
				<![CDATA[$price = round($new_special);]]>
			</add>
		</operation>
	</file>
	<file path="admin/controller/extension/module/category_specials.php" error="log">
		<operation error="log">
			<search>
				<![CDATA[$new_special = $price * (1 - $category_special['special'] / 100);]]>
			</search>
			<add position="replace">
				<![CDATA[$new_special = round($price * (1 - $category_special['special'] / 100));]]>
			</add>
		</operation>
		<operation error="log">
			<search>
				<![CDATA[$new_special = $price * $category_special['special'] / 100;]]>
			</search>
			<add position="replace">
				<![CDATA[$new_special = round($price * $category_special['special'] / 100);]]>
			</add>
		</operation>
	</file>
	<file path="catalog/controller/extension/module/category_specials.php" error="log">
		<operation error="log">
			<search>
				<![CDATA[$output['special'] = $new_special;]]>
			</search>
			<add position="replace">
				<![CDATA[$output['special'] = round($new_special);]]>
			</add>
		</operation>
		<operation error="log">
			<search>
				<![CDATA[$product['special'] = $new_special;]]>
			</search>
			<add position="replace">
				<![CDATA[$product['special'] = round($new_special);]]>
			</add>
		</operation>
	</file>

</modification>
